唐山三女河机场(暂停营业),130208,河北省唐山市丰润区,118.007279,39.719968
河北迁安五重安机场,130283,河北省唐山市迁安市,118.624546,40.184803
北京首都国际机场,110105,北京市北京市朝阳区,116.603039,40.080525
北京大兴国际机场,110115,北京市北京市大兴区,116.429172,39.510561
北京南苑机场(已关闭),110106,北京市北京市丰台区,116.393893,39.783601
定陵机场,110114,北京市北京市昌平区,116.238896,40.286598
北京海淀机场,110108,北京市北京市海淀区,116.112841,40.071067
北京八达岭机场,110119,北京市北京市延庆区,115.94426,40.379144
北京石佛寺机场,110117,北京市北京市平谷区,116.988259,40.042702
北京密云穆家峪机场,110118,北京市北京市密云区,116.888202,40.403538
北京平谷金海湖机场,110117,北京市北京市平谷区,117.23845,40.189689
秦皇岛北戴河国际机场,130322,河北省秦皇岛市昌黎县,119.066878,39.666642
张北中都机场,130722,河北省张家口市张北县,114.719624,41.307331
邯郸机场,130402,河北省邯郸市邯山区,114.431399,36.524732
石家庄正定国际机场,130123,河北省石家庄市正定县,114.698493,38.280519
栾城通用航空机场,130111,河北省石家庄市栾城区,114.599744,37.912052
艾莫森机场,130684,河北省保定市高碑店市,115.9596,39.143719
承德普宁机场,130821,河北省承德市承德县,118.083697,41.123944
御道口机场,130828,河北省承德市围场满族蒙古族自治县,116.884339,42.140827
天山通用机场(建设中),130532,河北省邢台市平乡县,115.004889,37.010532
衡水桃城机场,131102,河北省衡水市桃城区,115.580128,37.682477
河北黄骅防蝗机场(建设中),130983,河北省沧州市黄骅市,117.305505,38.421054
太原武宿国际机场,140105,山西省太原市小店区,112.632999,37.752363
太原尧城机场,140121,山西省太原市清徐县,112.43041,37.504689
朔州桑干河机场(建设中),140602,山西省朔州市朔城区,112.707769,39.276882
吕梁大武机场,141128,山西省吕梁市方山县,111.148982,37.682469
大同云冈机场,140215,山西省大同市云州区,113.486564,40.062064
太原武宿国际机场,140105,山西省太原市小店区,112.632999,37.752363
太原尧城机场,140121,山西省太原市清徐县,112.43041,37.504689
长治王村机场,140403,山西省长治市潞州区,113.131795,36.247418
运城张孝机场,140802,山西省运城市盐湖区,111.038141,35.115697
芮城通用机场(建设中),140830,山西省运城市芮城县,110.751506,34.685506
临汾尧都机场,141002,山西省临汾市尧都区,111.645773,36.133582
白城长安机场,220802,吉林省白城市洮北区,123.02606,45.507995
长春龙嘉国际机场,220113,吉林省长春市九台区,125.694951,43.997004
榆树机场,220182,吉林省长春市榆树市,126.427672,44.83136
松原查干湖机场,220721,吉林省松原市前郭尔罗斯蒙古族自治县,124.558024,44.934141
延吉朝阳川国际机场,222401,吉林省延边朝鲜族自治州延吉市,129.458201,42.88448
白山长白山机场,220621,吉林省白山市抚松县,127.609248,42.068798
丹东浪头机场,210603,辽宁省丹东市振兴区,124.289926,40.026548
大连周水子国际机场,210211,辽宁省大连市甘井子区,121.542932,38.964141
长海大长山岛机场(暂停营业),210224,辽宁省大连市长海县,122.671906,39.267487
大连金州湾国际机场(建设中),210211,辽宁省大连市甘井子区,121.600995,39.121000
锦州锦州湾机场,210711,辽宁省锦州市太和区,121.283535,40.937206
沈阳桃仙国际机场,210112,辽宁省沈阳市浑南区,123.495265,41.639454
沈阳桃仙国际机场T3航站楼(贵宾到达),210112,辽宁省沈阳市浑南区,123.494939,41.632112
法库财湖机场,210124,辽宁省沈阳市法库县,123.377853,42.392152
营口兰旗机场,210811,辽宁省营口市老边区,122.362151,40.5439
沈阳桃仙国际机场,210112,辽宁省沈阳市浑南区,123.495265,41.639454
沈阳桃仙国际机场T3航站楼(贵宾到达),210112,辽宁省沈阳市浑南区,123.494939,41.632112
法库财湖机场,210124,辽宁省沈阳市法库县,123.377853,42.392152
盘锦机场,211122,辽宁省盘锦市盘山县,122.148378,41.271891
沈阳桃仙国际机场,210112,辽宁省沈阳市浑南区,123.495265,41.639454
沈阳桃仙国际机场T3航站楼(贵宾到达),210112,辽宁省沈阳市浑南区,123.494939,41.632112
法库财湖机场,210124,辽宁省沈阳市法库县,123.377853,42.392152
鞍山腾鳌机场,210303,辽宁省鞍山市铁西区,122.860453,41.106123
新开河通用机场,210321,辽宁省鞍山市台安县,122.461522,41.330294
朝阳机场,211302,辽宁省朝阳市双塔区,120.441105,41.542591
漠河古莲机场,232701,黑龙江省大兴安岭地区漠河市,122.431893,52.91824
加格达奇嘎仙机场,232718,黑龙江省大兴安岭地区加格达奇区,124.124471,50.374294
伊春林都机场,230717,黑龙江省伊春市伊美区,129.024026,47.754447
哈尔滨太平国际机场,230102,黑龙江省哈尔滨市道里区,126.252262,45.625043
肇东北大荒通用机场,231282,黑龙江省绥化市肇东市,125.780591,46.130593
鸡西兴凯湖机场,230321,黑龙江省鸡西市鸡东县,131.199208,45.296296
黑龙江省云山农场通用机场,230381,黑龙江省鸡西市虎林市,132.499907,45.907329
大庆萨尔图机场,230602,黑龙江省大庆市萨尔图区,125.142936,46.752023
佳木斯东郊机场,230811,黑龙江省佳木斯市郊区,130.470501,46.845804
黑龙江省前进农场通用机场,230881,黑龙江省佳木斯市同江市,133.151356,47.525991
黑龙江省浓江农场通用机场,230881,黑龙江省佳木斯市同江市,133.243405,47.739424
黑龙江省洪河农场通用机场,230881,黑龙江省佳木斯市同江市,133.509683,47.569315
北大荒勤得利分公司通用机场,230881,黑龙江省佳木斯市同江市,133.190901,47.965714
抚远东极机场,230883,黑龙江省佳木斯市抚远市,134.371892,48.201219
建三江湿地机场,230882,黑龙江省佳木斯市富锦市,132.6662,47.11072
黑河瑷珲机场,231102,黑龙江省黑河市爱辉区,127.316649,50.174617
嫩江墨尔根机场,231183,黑龙江省黑河市嫩江市,125.343593,49.237857
五大连池德都机场,231182,黑龙江省黑河市五大连池市,126.138141,48.444687
牡丹江海浪国际机场,231005,黑龙江省牡丹江市西安区,129.576814,44.529501
绥芬河东宁机场(建设中),231086,黑龙江省牡丹江市东宁市,130.853112,44.457297
齐齐哈尔三家子机场,230202,黑龙江省齐齐哈尔市龙沙区,123.924555,47.242308
齐齐哈尔铁锋九州通用机场,230204,黑龙江省齐齐哈尔市铁锋区,124.041337,47.372171
汉中城固机场,610722,陕西省汉中市城固县,107.207452,33.131633
榆林榆阳机场,610802,陕西省榆林市榆阳区,109.599477,38.359264
马合通用机场,610802,陕西省榆林市榆阳区,109.214346,38.551932
神木机场(建设中),610881,陕西省榆林市神木市,110.151949,38.945324
南泥湾机场,610602,陕西省延安市宝塔区,109.471075,36.479412
西安咸阳国际机场,610404,陕西省咸阳市渭城区,108.764882,34.438179
西安咸阳国际机场,610404,陕西省咸阳市渭城区,108.764882,34.438179
蒲城内府通用机场,610526,陕西省渭南市蒲城县,109.548645,34.833139
安康富强机场,610902,陕西省安康市汉滨区,108.878919,32.754037
嘉峪关机场,620200,甘肃省嘉峪关市嘉峪关市,98.341373,39.861589
敦煌莫高国际机场,620982,甘肃省酒泉市敦煌市,94.810226,40.163803
兰州中川国际机场,620121,甘肃省兰州市永登县,103.620006,36.512778
金昌金川机场,620302,甘肃省金昌市金川区,102.350503,38.54193
陇南成县机场,621221,甘肃省陇南市成县,105.794675,33.787749
张掖甘州机场,620702,甘肃省张掖市甘州区,100.671853,38.80508
张掖丹霞通用机场,620723,甘肃省张掖市临泽县,100.167547,39.044572
甘南夏河机场,623027,甘肃省甘南藏族自治州夏河县,102.62429,34.818126
天水麦积山机场,620503,甘肃省天水市麦积区,105.864681,34.558045
庆阳机场,621002,甘肃省庆阳市西峰区,107.604647,35.802427
西宁曹家堡国际机场,630223,青海省海东市互助土族自治县,102.039941,36.528964
格尔木机场,632801,青海省海西蒙古族藏族自治州格尔木市,94.787535,36.40056
花土沟机场,632803,青海省海西蒙古族藏族自治州茫崖市,90.841851,38.200007
德令哈机场,632802,青海省海西蒙古族藏族自治州德令哈市,97.269892,37.126188
玉树巴塘机场,632701,青海省玉树藏族自治州玉树市,97.037279,32.834878
果洛玛沁机场,632621,青海省果洛藏族自治州玛沁县,100.30182,34.417486
西宁曹家堡国际机场,630223,青海省海东市互助土族自治县,102.039941,36.528964
祁连机场,632222,青海省海北藏族自治州祁连县,100.645707,38.009296
烟台蓬莱国际机场,370614,山东省烟台市蓬莱区,120.988421,37.66007
蓬莱通用机场(建设中),370614,山东省烟台市蓬莱区,120.699830,37.667429
栖霞通用机场(建设中),370686,山东省烟台市栖霞市,120.784233,37.207952
青岛流亭国际机场(已关闭),370214,山东省青岛市城阳区,120.383096,36.266249
青岛平度慈航机场,370283,山东省青岛市平度市,120.27371,36.984916
青岛胶东国际机场,370281,山东省青岛市胶州市,120.093607,36.35991
威海大水泊国际机场,371003,山东省威海市文登区,122.235047,37.18592
东营胜利机场,370505,山东省东营市垦利区,118.792199,37.506091
滨州大高通用机场,371603,山东省滨州市沾化区,117.889721,37.611191
台儿庄通用机场,370405,山东省枣庄市台儿庄区,117.774843,34.550244
济南遥墙国际机场,370112,山东省济南市历城区,117.216798,36.857233
济南平阴农用机场,370124,山东省济南市平阴县,116.445648,36.296807
菏泽牡丹机场,371703,山东省菏泽市定陶区,115.741475,35.211647
菏泽高新区机场,371702,山东省菏泽市牡丹区,115.393599,35.228929
济宁曲阜机场,370829,山东省济宁市嘉祥县,116.353294,35.293605
临沂启阳国际机场,371312,山东省临沂市河东区,118.415974,35.051229
日照山字河机场,371102,山东省日照市东港区,119.329604,35.402304
岚山通用机场,371103,山东省日照市岚山区,119.30622,35.088185
日照山字河机场航站楼,371102,山东省日照市东港区,119.327952,35.400318
潍坊南苑机场,370705,山东省潍坊市奎文区,119.122379,36.646808
福州长乐国际机场,350112,福建省福州市长乐区,119.669917,25.929797
北竿机场,350122,福建省福州市连江县,120.006853,26.221753
武夷山机场,350782,福建省南平市武夷山市,118.005081,27.69919
厦门高崎国际机场,350206,福建省厦门市湖里区,118.13709,24.539495
厦门翔安国际机场(建设中),350213,福建省厦门市翔安区,118.351901,24.545953
泉州晋江国际机场,350582,福建省泉州市晋江市,118.593047,24.794712
连城冠豸山机场,350825,福建省龙岩市连城县,116.751624,25.673125
三明沙县机场,350427,福建省三明市沙县区,117.839822,26.422263
舟山普陀山机场,330903,浙江省舟山市普陀区,122.365085,29.932599
宁波栎社国际机场,330203,浙江省宁波市海曙区,121.466363,29.821287
宁波栎社国际机场象山航站楼,330225,浙江省宁波市象山县,121.901505,29.476128
台州路桥机场,331004,浙江省台州市路桥区,121.430928,28.559308
温州龙湾国际机场,330303,浙江省温州市龙湾区,120.852752,27.906511
义乌机场,330782,浙江省金华市义乌市,120.035372,29.340003
东阳横店通用机场,330783,浙江省金华市东阳市,120.248355,29.122629
天子湖机场,330523,浙江省湖州市安吉县,119.594884,30.794958
德清莫干山通用机场,330521,浙江省湖州市德清县,120.11255,30.501132
杭州萧山国际机场,330109,浙江省杭州市萧山区,120.432414,30.234708
杭州萧山国际机场A航站楼,330109,浙江省杭州市萧山区,120.436805,30.232572
杭州萧山国际机场B航站楼,330109,浙江省杭州市萧山区,120.436969,30.236858
建德千岛湖通用机场,330182,浙江省杭州市建德市,119.184485,29.356297
杭州萧山国际机场青山湖航站楼,330112,浙江省杭州市临安区,119.826490,30.269949
衢州机场,330802,浙江省衢州市柯城区,118.901835,28.962981
杭州萧山国际机场,330109,浙江省杭州市萧山区,120.432414,30.234708
杭州萧山国际机场A航站楼,330109,浙江省杭州市萧山区,120.436805,30.232572
杭州萧山国际机场B航站楼,330109,浙江省杭州市萧山区,120.436969,30.236858
建德千岛湖通用机场,330182,浙江省杭州市建德市,119.184485,29.356297
杭州萧山国际机场青山湖航站楼,330112,浙江省杭州市临安区,119.826490,30.269949
洛阳北郊机场,410302,河南省洛阳市老城区,112.394278,34.73975
龙门通用机场(建设中),410311,河南省洛阳市洛龙区,112.663444,34.549334
南阳姜营机场,411302,河南省南阳市宛城区,112.621833,32.980482
光山县龙山湖通用机场(建设中),411522,河南省信阳市光山县,114.865798,31.935474
平舆通用机场(建设中),411723,河南省驻马店市平舆县,114.703019,32.946472
郑州新郑国际机场,410184,河南省郑州市新郑市,113.854712,34.525946
雁鸣湖通用机场,410122,河南省郑州市中牟县,114.024535,34.875685
郑州上街机场,410106,河南省郑州市上街区,113.280009,34.840063
安阳豫东北机场(建设中),410523,河南省安阳市汤阴县,114.466800,35.871605
郑州新郑国际机场,410184,河南省郑州市新郑市,113.854712,34.525946
雁鸣湖通用机场,410122,河南省郑州市中牟县,114.024535,34.875685
郑州上街机场,410106,河南省郑州市上街区,113.280009,34.840063
周口西华通用机场,411622,河南省周口市西华县,114.637391,33.804349
郑州新郑国际机场,410184,河南省郑州市新郑市,113.854712,34.525946
雁鸣湖通用机场,410122,河南省郑州市中牟县,114.024535,34.875685
郑州上街机场,410106,河南省郑州市上街区,113.280009,34.840063
民权通用机场(建设中),411421,河南省商丘市民权县,115.190652,34.707481
宜昌三峡机场,420505,湖北省宜昌市猇亭区,111.485628,30.55228
十堰武当山机场,420302,湖北省十堰市茅箭区,110.913024,32.588998
武汉天河国际机场,420116,湖北省武汉市黄陂区,114.221167,30.773612
武汉汉南通用航空机场,420113,湖北省武汉市汉南区,114.065367,30.252025
襄阳刘集机场,420607,湖北省襄阳市襄州区,112.296152,32.149803
武汉天河国际机场,420116,湖北省武汉市黄陂区,114.221167,30.773612
武汉汉南通用航空机场,420113,湖北省武汉市汉南区,114.065367,30.252025
荆门漳河机场,420802,湖北省荆门市东宝区,112.060452,30.983561
恩施许家坪机场,422801,湖北省恩施土家族苗族自治州恩施市,109.489727,30.318935
荆州沙市机场,421002,湖北省荆州市沙市区,112.453106,30.290368
仙桃通用机场,429004,湖北省仙桃市仙桃市,113.603070,30.402275
神农架红坪机场,429021,湖北省神农架林区神农架林区,110.34524,31.62303
衡阳南岳机场,430422,湖南省衡阳市衡南县,112.621995,26.718615
大浦通用机场,430424,湖南省衡阳市衡东县,112.772127,27.01475
岳阳三荷机场,430602,湖南省岳阳市岳阳楼区,113.286916,29.309688
长沙黄花国际机场,430121,湖南省长沙市长沙县,113.226031,28.188533
宁乡巷子口通用机场,430182,湖南省长沙市宁乡市,111.959640,28.111403
开慧通用机场,430121,湖南省长沙市长沙县,113.193343,28.589006
湘西里耶机场(建设中),433124,湖南省湘西土家族苗族自治州花垣县,109.525000,28.490995
常德桃花源机场,430703,湖南省常德市鼎城区,111.643644,28.916308
芷江机场,431228,湖南省怀化市芷江侗族自治县,109.710204,27.442255
芷江机场T1航站楼(国内出发),431228,湖南省怀化市芷江侗族自治县,109.705059,27.440782
芷江机场T1航站楼(国内到达),431228,湖南省怀化市芷江侗族自治县,109.705257,27.440932
张家界荷花国际机场,430802,湖南省张家界市永定区,110.448105,29.101444
邵阳武冈机场,430581,湖南省邵阳市武冈市,110.6455,26.801155
郴州北湖机场(装修中),431002,湖南省郴州市北湖区,112.850627,25.749500
桂阳仁义机场,431021,湖南省郴州市桂阳县,112.705521,25.772929
永州零陵机场,431103,湖南省永州市冷水滩区,111.616308,26.334424
赣州黄金机场,360703,江西省赣州市南康区,114.784632,25.848292
瑞金机场(建设中),360781,江西省赣州市瑞金市,116.086408,25.959579
九江庐山机场(暂停营业),360404,江西省九江市柴桑区,115.805293,29.474773
景德镇罗家机场,360222,江西省景德镇市浮梁县,117.181667,29.336076
南昌昌北国际机场,360112,江西省南昌市新建区,115.911718,28.85825
井冈山机场,360826,江西省吉安市泰和县,114.742471,26.85326
上饶三清山机场,361102,江西省上饶市信州区,117.968916,28.376753
南通兴东国际机场,320612,江苏省南通市通州区,120.982387,32.070399
连云港白塔埠机场,320722,江苏省连云港市东海县,118.881396,34.5705
连云港花果山国际机场(建设中),320723,江苏省连云港市灌云县,119.187371,34.409930
淮安涟水国际机场,320826,江苏省淮安市涟水县,119.132233,33.789511
金湖通用机场(建设中),320831,江苏省淮安市金湖县,119.040957,33.056238
扬州泰州国际机场,321012,江苏省扬州市江都区,119.722642,32.563345
盐城南洋国际机场,320902,江苏省盐城市亭湖区,120.209649,33.428662
射阳机场,320924,江苏省盐城市射阳县,120.169756,33.790261
南京禄口国际机场,320115,江苏省南京市江宁区,118.871181,31.731634
镇江大路机场,321102,江苏省镇江市京口区,119.724262,32.233018
常州奔牛国际机场,320411,江苏省常州市新北区,119.78746,31.914019
溧阳天目湖通用机场(建设中),320481,江苏省常州市溧阳市,119.503916,31.538893
苏南硕放国际机场,320214,江苏省无锡市新吴区,120.434011,31.49888
丁蜀通用机场(建设中),320282,江苏省无锡市宜兴市,119.913875,31.310613
苏南硕放国际机场,320214,江苏省无锡市新吴区,120.434011,31.49888
丁蜀通用机场(建设中),320282,江苏省无锡市宜兴市,119.913875,31.310613
徐州观音国际机场,320324,江苏省徐州市睢宁县,117.561539,34.056027
徐州杨庙农用机场,320322,江苏省徐州市沛县,116.979595,34.563413
新沂棋盘机场,320381,江苏省徐州市新沂市,118.236802,34.215529
池州九华山机场,341702,安徽省池州市贵池区,117.690862,30.73819
安庆天柱山机场,340811,安徽省安庆市宜秀区,117.05542,30.580748
阜阳西关机场,341202,安徽省阜阳市颍州区,115.7407,32.879193
黄山屯溪国际机场,341002,安徽省黄山市屯溪区,118.261074,29.730415
亳州机场(建设中),341621,安徽省亳州市涡阳县,115.899252,33.549607
芜湖宣州机场,340210,安徽省芜湖市湾沚区,118.66837,31.102641
合肥新桥国际机场,340104,安徽省合肥市蜀山区,116.978383,31.985418
揭阳潮汕国际机场,445202,广东省揭阳市榕城区,116.509617,23.546592
佛山沙堤机场,440605,广东省佛山市南海区,113.075983,23.080913
深圳宝安国际机场,440306,广东省深圳市宝安区,113.814829,22.633092
深圳宝安国际机场卫星厅(装修中),440306,广东省深圳市宝安区,113.805920,22.640723
珠海金湾机场,440404,广东省珠海市金湾区,113.38078,22.007695
珠海莲洲机场,440403,广东省珠海市斗门区,113.197375,22.332656
湛江机场,440803,广东省湛江市霞山区,110.363643,21.212413
湛江吴川机场(建设中),440883,广东省湛江市吴川市,110.593691,21.482133
揭阳潮汕国际机场,445202,广东省揭阳市榕城区,116.509617,23.546592
阳江合山机场,441704,广东省阳江市阳东区,112.107274,21.958914
梅州机场,441402,广东省梅州市梅江区,116.102902,24.260405
揭阳潮汕国际机场,445202,广东省揭阳市榕城区,116.509617,23.546592
罗定机场,445381,广东省云浮市罗定市,111.606881,22.706708
中山三角机场,442000,广东省中山市中山市,113.475305,22.662646
中山三角机场航站楼,442000,广东省中山市中山市,113.478289,22.666433
广州白云国际机场,440114,广东省广州市花都区,113.307605,23.389929
沙湾机场,440113,广东省广州市番禺区,113.32594,22.910758
候机楼,440118,广东省广州市增城区,113.611977,23.121907
东方大田机场,469007,海南省东方市东方市,108.776811,19.14202
琼海博鳌机场,469002,海南省琼海市琼海市,110.458806,19.139802
海南西庆机场,460400,海南省儋州市儋州市,109.440341,19.550124
三亚凤凰国际机场,460204,海南省三亚市天涯区,109.414693,18.303395
海口美兰国际机场,460108,海南省海口市美兰区,110.467385,19.942495
金林海口甲子通用机场,460107,海南省海口市琼山区,110.383772,19.674307
巴中恩阳机场,511903,四川省巴中市恩阳区,106.648103,31.736611
南充高坪机场,511303,四川省南充市高坪区,106.16784,30.793302
阆中机场(建设中),511381,四川省南充市阆中市,106.038661,31.500555
广元盘龙机场,510802,四川省广元市利州区,105.699493,32.388663
广汉机场,510681,四川省德阳市广汉市,104.331737,30.945901
路正通航江口机场,511403,四川省眉山市彭山区,103.9427,30.207136
绵阳南郊机场,510703,四川省绵阳市涪城区,104.743239,31.428408
北川通用机场(建设中),510705,四川省绵阳市安州区,104.461472,31.578916
成都双流国际机场,510116,四川省成都市双流区,103.951229,30.559807
驼峰通航洛带机场,510112,四川省成都市龙泉驿区,104.321856,30.648639
成都双流国际机场国内卫星厅,510116,四川省成都市双流区,103.949836,30.550544
成都天府国际机场,510185,四川省成都市简阳市,104.446504,30.307995
成都淮州机场,510121,四川省成都市金堂县,104.526963,30.673701
新津机场,510118,四川省成都市新津区,103.846374,30.417626
达州河市机场,511703,四川省达州市达川区,107.434073,31.128683
达州金垭机场(建设中),511703,四川省达州市达川区,107.440949,31.044930
遂宁南坝机场,510903,四川省遂宁市船山区,105.614152,30.468048
遂宁安居机场(建设中),510904,四川省遂宁市安居区,105.428579,30.391894
自贡凤鸣通用机场,510303,四川省自贡市贡井区,104.627542,29.374038
宜宾五粮液机场,511502,四川省宜宾市翠屏区,104.528071,28.853245
攀枝花保安营机场,510411,四川省攀枝花市仁和区,101.799344,26.534465
西昌青山机场,513401,四川省凉山彝族自治州西昌市,102.186732,27.98366
泸州云龙机场,510521,四川省泸州市泸县,105.471636,29.025707
四川九寨黄龙机场,513224,四川省阿坝藏族羌族自治州松潘县,103.685223,32.85126
阿坝红原机场,513233,四川省阿坝藏族羌族自治州红原县,102.354384,32.529964
甘孜康定机场,513301,四川省甘孜藏族自治州康定市,101.741183,30.140016
稻城亚丁机场,513337,四川省甘孜藏族自治州稻城县,100.063001,29.312684
甘孜格萨尔机场,513330,四川省甘孜藏族自治州德格县,99.558841,31.752892
铜仁凤凰机场,520628,贵州省铜仁市松桃苗族自治县,109.314086,27.882182
遵义新舟机场,520302,贵州省遵义市红花岗区,107.251009,27.807488
遵义茅台机场,520382,贵州省遵义市仁怀市,106.439915,27.959119
六盘水月照机场,520204,贵州省六盘水市水城区,104.981134,26.605371
兴义万峰林机场,522301,贵州省黔西南布依族苗族自治州兴义市,104.961777,25.082489
安顺黄果树机场,520402,贵州省安顺市西秀区,105.877769,26.2568
荔波机场,522722,贵州省黔南布依族苗族自治州荔波县,107.966178,25.447688
毕节飞雄机场,520521,贵州省毕节市大方县,105.477022,27.263751
威宁草海机场(建设中),520526,贵州省毕节市威宁彝族回族苗族自治县,104.341432,26.859025
黎平机场,522631,贵州省黔东南苗族侗族自治州黎平县,109.15511,26.31879
贵阳龙洞堡国际机场,520102,贵州省贵阳市南明区,106.80582,26.538587
昭通机场,530602,云南省昭通市昭阳区,103.757674,27.323525
云南弥勒通用机场,532504,云南省红河哈尼族彝族自治州弥勒市,103.410376,24.293221
西双版纳嘎洒国际机场,532801,云南省西双版纳傣族自治州景洪市,100.764783,21.972406
大理荒草坝机场,532901,云南省大理白族自治州大理市,100.320886,25.647103
迪庆香格里拉机场,533401,云南省迪庆藏族自治州香格里拉市,99.679936,27.789495
丽江三义国际机场,530702,云南省丽江市古城区,100.24646,26.671508
宁蒗泸沽湖机场,530724,云南省丽江市宁蒗彝族自治县,100.76156,27.538409
文山砚山机场,532622,云南省文山壮族苗族自治州砚山县,104.328079,23.556375
腾冲驼峰机场,530581,云南省保山市腾冲市,98.485547,24.93537
保山云瑞机场,530502,云南省保山市隆阳区,99.167978,25.049548
普洱思茅机场,530802,云南省普洱市思茅区,100.960477,22.790816
澜沧景迈机场,530828,云南省普洱市澜沧拉祜族自治县,99.786026,22.413377
临沧机场,530902,云南省临沧市临翔区,100.025601,23.736758
沧源机场,530927,云南省临沧市沧源佤族自治县,99.373155,23.272125
昆明长水国际机场,530111,云南省昆明市官渡区,102.932521,25.100552
昆明长水国际机场S1卫星厅,530111,云南省昆明市官渡区,102.938837,25.108396
德宏芒市机场,533103,云南省德宏傣族景颇族自治州芒市,98.531945,24.399057
陇川广宋机场,533124,云南省德宏傣族景颇族自治州陇川县,97.904261,24.263571
乌海机场,150302,内蒙古自治区乌海市海勃湾区,106.805016,39.794383
呼伦贝尔东山国际机场,150702,内蒙古自治区呼伦贝尔市海拉尔区,119.830312,49.209297
满洲里西郊国际机场,150781,内蒙古自治区呼伦贝尔市满洲里市,117.338166,49.569694
莫旗通用机场,150722,内蒙古自治区呼伦贝尔市莫力达瓦达斡尔族自治旗,124.43949,48.387988
阿荣通用机场,150721,内蒙古自治区呼伦贝尔市阿荣旗,123.301728,48.354965
呼伦贝尔巴彦库仁通用机场,150725,内蒙古自治区呼伦贝尔市陈巴尔虎旗,119.348882,49.308294
扎兰屯成吉思汗机场,150783,内蒙古自治区呼伦贝尔市扎兰屯市,122.773217,47.869
根河敖鲁古雅机场,150785,内蒙古自治区呼伦贝尔市根河市,121.388752,50.70189
巴彦淖尔天吉泰机场,150821,内蒙古自治区巴彦淖尔市五原县,107.744703,40.927155
乌拉特中旗通用机场,150824,内蒙古自治区巴彦淖尔市乌拉特中旗,108.384393,41.696479
包头东河机场,150202,内蒙古自治区包头市东河区,110.004778,40.561607
五当召机场,150205,内蒙古自治区包头市石拐区,110.243511,40.709178
阿拉善左旗机场,152921,内蒙古自治区阿拉善盟阿拉善左旗,105.58847,38.748802
额济纳旗桃来机场,152923,内蒙古自治区阿拉善盟额济纳旗,101.002417,42.016776
泸州云龙机场航站楼,152921,内蒙古自治区阿拉善盟阿拉善左旗,104.762878,37.986963
阿拉善右旗机场,152922,内蒙古自治区阿拉善盟阿拉善右旗,101.551155,39.225695
通辽机场,150502,内蒙古自治区通辽市科尔沁区,122.2062,43.559157
霍林郭勒霍林河机场,150581,内蒙古自治区通辽市霍林郭勒市,119.414145,45.488849
奈曼旗通用机场(建设中),150525,内蒙古自治区通辽市奈曼旗,120.669913,42.916765
阿尔山伊尔施机场,152202,内蒙古自治区兴安盟阿尔山市,119.91948,47.311868
乌兰浩特机场,152201,内蒙古自治区兴安盟乌兰浩特市,122.007719,46.200075
锡林浩特机场,152502,内蒙古自治区锡林郭勒盟锡林浩特市,115.966245,43.914723
二连浩特赛乌素机场,152501,内蒙古自治区锡林郭勒盟二连浩特市,112.099704,43.426714
镶黄旗新宝拉格机场,152528,内蒙古自治区锡林郭勒盟镶黄旗,113.755381,42.268762
呼和浩特白塔国际机场,150105,内蒙古自治区呼和浩特市赛罕区,111.826401,40.853491
呼和浩特盛乐国际机场(建设中),150123,内蒙古自治区呼和浩特市和林格尔县,111.580222,40.481354
乌兰察布集宁机场,150902,内蒙古自治区乌兰察布市集宁区,113.114053,41.131345
鄂尔多斯伊金霍洛国际机场,150627,内蒙古自治区鄂尔多斯市伊金霍洛旗,109.867472,39.49571
鄂托克前旗通用机场,150623,内蒙古自治区鄂尔多斯市鄂托克前旗,107.395662,38.172207
赤峰玉龙机场,150428,内蒙古自治区赤峰市喀喇沁旗,118.846896,42.159804
阿鲁科尔沁机场,150421,内蒙古自治区赤峰市阿鲁科尔沁旗,120.155988,43.909619
和田机场,653201,新疆维吾尔自治区和田地区和田市,79.869164,37.037985
于田万方机场,653226,新疆维吾尔自治区和田地区于田县,81.784585,36.812137
博乐阿拉山口机场,652701,新疆维吾尔自治区博尔塔拉蒙古自治州博乐市,82.303656,44.898283
塔城机场,654201,新疆维吾尔自治区塔城地区塔城市,83.345999,46.672295
石河子花园机场,654223,新疆维吾尔自治区塔城地区沙湾市,85.895281,44.243677
北屯丰庆机场,659005,新疆维吾尔自治区北屯市北屯市,87.843229,47.227665
石河子山丹湖通用航空机场,659001,新疆维吾尔自治区石河子市石河子市,86.118294,44.333271
阿勒泰机场,654301,新疆维吾尔自治区阿勒泰地区阿勒泰市,88.089367,47.751566
布尔津喀纳斯机场,654321,新疆维吾尔自治区阿勒泰地区布尔津县,87.000724,48.222971
富蕴机场,654322,新疆维吾尔自治区阿勒泰地区富蕴县,89.51592,46.805579
乌鲁木齐地窝堡国际机场,650104,新疆维吾尔自治区乌鲁木齐市新市区,87.479758,43.905817
伊宁机场,654002,新疆维吾尔自治区伊犁哈萨克自治州伊宁市,81.333342,43.957238
新源那拉提机场,654025,新疆维吾尔自治区伊犁哈萨克自治州新源县,83.379825,43.432286
喀什机场,653101,新疆维吾尔自治区喀什地区喀什市,76.024632,39.54121
莎车机场,653125,新疆维吾尔自治区喀什地区莎车县,77.060653,38.244343
图木舒克唐王城机场,659003,新疆维吾尔自治区图木舒克市图木舒克市,79.235598,39.888243
库尔勒机场,652801,新疆维吾尔自治区巴音郭楞蒙古自治州库尔勒市,86.138043,41.618911
且末玉都机场,652825,新疆维吾尔自治区巴音郭楞蒙古自治州且末县,85.467395,38.232824
若羌楼兰机场,652824,新疆维吾尔自治区巴音郭楞蒙古自治州若羌县,88.010233,38.973323
阿克苏温宿机场,652901,新疆维吾尔自治区阿克苏地区阿克苏市,80.293291,41.262704
库车龟兹机场,652902,新疆维吾尔自治区阿克苏地区库车市,82.875503,41.679739
乌鲁木齐地窝堡国际机场,650104,新疆维吾尔自治区乌鲁木齐市新市区,87.479758,43.905817
哈密机场,650502,新疆维吾尔自治区哈密市伊州区,93.665967,42.842538
吐鲁番交河机场,650402,新疆维吾尔自治区吐鲁番市高昌区,89.102215,43.031604
克拉玛依机场,650203,新疆维吾尔自治区克拉玛依市克拉玛依区,84.956741,45.467303
乌尔禾通用机场(建设中),650205,新疆维吾尔自治区克拉玛依市乌尔禾区,85.654494,46.019033
固原六盘山机场,640402,宁夏回族自治区固原市原州区,106.221947,36.078552
中卫沙坡头机场,640502,宁夏回族自治区中卫市沙坡头区,105.158269,37.572982
银川河东国际机场,640181,宁夏回族自治区银川市灵武市,106.393399,38.321759
银川花博园通用机场,640106,宁夏回族自治区银川市金凤区,106.216458,38.558853
百色巴马机场,451003,广西壮族自治区百色市田阳区,106.964393,23.718216
北海福成机场,450503,广西壮族自治区北海市银海区,109.29612,21.536506
柳州白莲机场,450206,广西壮族自治区柳州市柳江区,109.398797,24.204181
梧州西江机场,450422,广西壮族自治区梧州市藤县,111.104324,23.39945
桂林两江国际机场,450312,广西壮族自治区桂林市临桂区,110.047569,25.216995
河池金城江机场,451202,广西壮族自治区河池市金城江区,107.715387,24.800579
玉林福绵机场,450903,广西壮族自治区玉林市福绵区,110.124841,22.431498
南宁吴圩国际机场,450105,广西壮族自治区南宁市江南区,108.183603,22.607346
南宁伶俐通用机场(建设中),450103,广西壮族自治区南宁市青秀区,108.779487,22.845735
拉萨贡嘎国际机场,540522,西藏自治区山南市贡嘎县,90.907504,29.292299
昌都邦达机场,540326,西藏自治区昌都市八宿县,97.110848,30.549176
日喀则和平机场,540202,西藏自治区日喀则市桑珠孜区,89.309555,29.347273
拉萨贡嘎国际机场,540522,西藏自治区山南市贡嘎县,90.907504,29.292299
阿里昆莎机场,542523,西藏自治区阿里地区噶尔县,80.056148,32.099063
林芝米林机场,540422,西藏自治区林芝市米林县,94.336848,29.301581
香港国际机场,810018,香港特别行政区香港特别行政区离岛区,113.922992,22.303701
香港国际机场,810018,香港特别行政区香港特别行政区离岛区,113.922992,22.303701
香港国际机场,810018,香港特别行政区香港特别行政区离岛区,113.922992,22.303701
香港国际机场,810018,香港特别行政区香港特别行政区离岛区,113.922992,22.303701
香港国际机场,810018,香港特别行政区香港特别行政区离岛区,113.922992,22.303701
香港国际机场,810018,香港特别行政区香港特别行政区离岛区,113.922992,22.303701
香港国际机场,810018,香港特别行政区香港特别行政区离岛区,113.922992,22.303701
香港国际机场,810018,香港特别行政区香港特别行政区离岛区,113.922992,22.303701
香港国际机场,810018,香港特别行政区香港特别行政区离岛区,113.922992,22.303701
香港国际机场,810018,香港特别行政区香港特别行政区离岛区,113.922992,22.303701
香港国际机场,810018,香港特别行政区香港特别行政区离岛区,113.922992,22.303701
香港国际机场,810018,香港特别行政区香港特别行政区离岛区,113.922992,22.303701
香港国际机场,810018,香港特别行政区香港特别行政区离岛区,113.922992,22.303701
攀枝花保安营机场,510411,四川省攀枝花市仁和区,101.799344,26.534465
香港国际机场,810018,香港特别行政区香港特别行政区离岛区,113.922992,22.303701
香港国际机场,810018,香港特别行政区香港特别行政区离岛区,113.922992,22.303701
香港国际机场,810018,香港特别行政区香港特别行政区离岛区,113.922992,22.303701
香港国际机场,810018,香港特别行政区香港特别行政区离岛区,113.922992,22.303701
澳门国际机场,820006,澳门特别行政区澳门特别行政区嘉模堂区,113.59419,22.151428
澳门国际机场,820006,澳门特别行政区澳门特别行政区嘉模堂区,113.59419,22.151428
澳门国际机场,820006,澳门特别行政区澳门特别行政区嘉模堂区,113.59419,22.151428
澳门国际机场,820006,澳门特别行政区澳门特别行政区嘉模堂区,113.59419,22.151428
澳门国际机场,820006,澳门特别行政区澳门特别行政区嘉模堂区,113.59419,22.151428
澳门国际机场,820006,澳门特别行政区澳门特别行政区嘉模堂区,113.59419,22.151428
澳门国际机场,820006,澳门特别行政区澳门特别行政区嘉模堂区,113.59419,22.151428
澳门国际机场,820006,澳门特别行政区澳门特别行政区嘉模堂区,113.59419,22.151428
